INSERT INTO COURSE (id, name, credit) VALUES (1, '운영체제', 3);
INSERT INTO SECTION (id, course_id) VALUES (1, 1);
INSERT INTO SECTION (id, course_id) VALUES (2, 1);
INSERT INTO SECTION (id, course_id) VALUES (3, 1);
INSERT INTO PERIODS (SECTION_ID, DAY_PERIOD) VALUES (1, 'A1');
INSERT INTO PERIODS (SECTION_ID, DAY_PERIOD) VALUES (1, 'A2');
INSERT INTO PERIODS (SECTION_ID, DAY_PERIOD) VALUES (1, 'C5');
INSERT INTO PERIODS (SECTION_ID, DAY_PERIOD) VALUES (1, 'C6');
INSERT INTO PERIODS (SECTION_ID, DAY_PERIOD) VALUES (2, 'A5');
INSERT INTO PERIODS (SECTION_ID, DAY_PERIOD) VALUES (2, 'A6');
INSERT INTO PERIODS (SECTION_ID, DAY_PERIOD) VALUES (2, 'E7');
INSERT INTO PERIODS (SECTION_ID, DAY_PERIOD) VALUES (2, 'E8');
INSERT INTO PERIODS (SECTION_ID, DAY_PERIOD) VALUES (3, 'A7');
INSERT INTO PERIODS (SECTION_ID, DAY_PERIOD) VALUES (3, 'A8');
INSERT INTO PERIODS (SECTION_ID, DAY_PERIOD) VALUES (3, 'B1');
INSERT INTO PERIODS (SECTION_ID, DAY_PERIOD) VALUES (3, 'B2');

INSERT INTO COURSE (id, name, credit) VALUES (2, '컴퓨터구조', 3);
INSERT INTO SECTION (id, course_id) VALUES (4, 2);
INSERT INTO SECTION (id, course_id) VALUES (5, 2);
INSERT INTO SECTION (id, course_id) VALUES (6, 2);
INSERT INTO PERIODS (SECTION_ID, DAY_PERIOD) VALUES (4, 'A3');
INSERT INTO PERIODS (SECTION_ID, DAY_PERIOD) VALUES (4, 'A4');
INSERT INTO PERIODS (SECTION_ID, DAY_PERIOD) VALUES (4, 'C3');
INSERT INTO PERIODS (SECTION_ID, DAY_PERIOD) VALUES (4, 'C4');
INSERT INTO PERIODS (SECTION_ID, DAY_PERIOD) VALUES (5, 'B7');
INSERT INTO PERIODS (SECTION_ID, DAY_PERIOD) VALUES (5, 'B8');
INSERT INTO PERIODS (SECTION_ID, DAY_PERIOD) VALUES (5, 'C5');
INSERT INTO PERIODS (SECTION_ID, DAY_PERIOD) VALUES (5, 'C6');
INSERT INTO PERIODS (SECTION_ID, DAY_PERIOD) VALUES (6, 'A5');
INSERT INTO PERIODS (SECTION_ID, DAY_PERIOD) VALUES (6, 'A6');
INSERT INTO PERIODS (SECTION_ID, DAY_PERIOD) VALUES (6, 'D1');
INSERT INTO PERIODS (SECTION_ID, DAY_PERIOD) VALUES (6, 'D2');

INSERT INTO COURSE (id, name, credit) VALUES (3, '컴퓨터공학개론', 2);
INSERT INTO SECTION (id, course_id) VALUES (7, 3);
INSERT INTO SECTION (id, course_id) VALUES (8, 3);
INSERT INTO SECTION (id, course_id) VALUES (9, 3);
INSERT INTO PERIODS (SECTION_ID, DAY_PERIOD) VALUES (7, 'C3');
INSERT INTO PERIODS (SECTION_ID, DAY_PERIOD) VALUES (7, 'C4');
INSERT INTO PERIODS (SECTION_ID, DAY_PERIOD) VALUES (8, 'E1');
INSERT INTO PERIODS (SECTION_ID, DAY_PERIOD) VALUES (8, 'E2');
INSERT INTO PERIODS (SECTION_ID, DAY_PERIOD) VALUES (9, 'E5');
INSERT INTO PERIODS (SECTION_ID, DAY_PERIOD) VALUES (9, 'E6');