INSERT INTO COURSE (id, name, credit) VALUES (1, '운영체제', 3);
INSERT INTO SECTION (id, course_id) VALUES (1, 1);
INSERT INTO SECTION (id, course_id) VALUES (2, 1);
INSERT INTO SECTION (id, course_id) VALUES (3, 1);
INSERT INTO PERIODS (SECTION_ID, DAY_PERIOD) VALUES (1, 'A1');
INSERT INTO PERIODS (SECTION_ID, DAY_PERIOD) VALUES (1, 'A2');
INSERT INTO PERIODS (SECTION_ID, DAY_PERIOD) VALUES (1, 'C5');
INSERT INTO PERIODS (SECTION_ID, DAY_PERIOD) VALUES (1, 'C6');
INSERT INTO PERIODS (SECTION_ID, DAY_PERIOD) VALUES (2, 'A5');
INSERT INTO PERIODS (SECTION_ID, DAY_PERIOD) VALUES (2, 'A6');
INSERT INTO PERIODS (SECTION_ID, DAY_PERIOD) VALUES (2, 'E7');
INSERT INTO PERIODS (SECTION_ID, DAY_PERIOD) VALUES (2, 'E8');
INSERT INTO PERIODS (SECTION_ID, DAY_PERIOD) VALUES (3, 'A7');
INSERT INTO PERIODS (SECTION_ID, DAY_PERIOD) VALUES (3, 'A8');
INSERT INTO PERIODS (SECTION_ID, DAY_PERIOD) VALUES (3, 'B1');
INSERT INTO PERIODS (SECTION_ID, DAY_PERIOD) VALUES (3, 'B2');


INSERT INTO COURSE (id, name, credit) VALUES (2, '컴퓨터구조', 3);
INSERT INTO SECTION (id, course_id) VALUES (4, 2);
INSERT INTO SECTION (id, course_id) VALUES (5, 2);
INSERT INTO SECTION (id, course_id) VALUES (6, 2);
INSERT INTO PERIODS (SECTION_ID, DAY_PERIOD) VALUES (4, 'A3');
INSERT INTO PERIODS (SECTION_ID, DAY_PERIOD) VALUES (4, 'A4');
INSERT INTO PERIODS (SECTION_ID, DAY_PERIOD) VALUES (4, 'C3');
INSERT INTO PERIODS (SECTION_ID, DAY_PERIOD) VALUES (4, 'C4');
INSERT INTO PERIODS (SECTION_ID, DAY_PERIOD) VALUES (5, 'B7');
INSERT INTO PERIODS (SECTION_ID, DAY_PERIOD) VALUES (5, 'B8');
INSERT INTO PERIODS (SECTION_ID, DAY_PERIOD) VALUES (5, 'C5');
INSERT INTO PERIODS (SECTION_ID, DAY_PERIOD) VALUES (5, 'C6');
INSERT INTO PERIODS (SECTION_ID, DAY_PERIOD) VALUES (6, 'A5');
INSERT INTO PERIODS (SECTION_ID, DAY_PERIOD) VALUES (6, 'A6');
INSERT INTO PERIODS (SECTION_ID, DAY_PERIOD) VALUES (6, 'D1');
INSERT INTO PERIODS (SECTION_ID, DAY_PERIOD) VALUES (6, 'D2');


INSERT INTO COURSE (id, name, credit) VALUES (3, '컴퓨터공학개론', 2);
INSERT INTO SECTION (id, course_id) VALUES (7, 3);
INSERT INTO SECTION (id, course_id) VALUES (8, 3);
INSERT INTO SECTION (id, course_id) VALUES (9, 3);
INSERT INTO PERIODS (SECTION_ID, DAY_PERIOD) VALUES (7, 'C3');
INSERT INTO PERIODS (SECTION_ID, DAY_PERIOD) VALUES (7, 'C4');
INSERT INTO PERIODS (SECTION_ID, DAY_PERIOD) VALUES (8, 'E1');
INSERT INTO PERIODS (SECTION_ID, DAY_PERIOD) VALUES (8, 'E2');
INSERT INTO PERIODS (SECTION_ID, DAY_PERIOD) VALUES (9, 'E5');
INSERT INTO PERIODS (SECTION_ID, DAY_PERIOD) VALUES (9, 'E6');


INSERT INTO COURSE (id, name, credit) VALUES (4, '캡스톤디자인', 2);
INSERT INTO SECTION (id, course_id) VALUES (10, 4);
INSERT INTO SECTION (id, course_id) VALUES (11, 4);
INSERT INTO SECTION (id, course_id) VALUES (12, 4);
INSERT INTO PERIODS (SECTION_ID, DAY_PERIOD) VALUES (10, 'B7');
INSERT INTO PERIODS (SECTION_ID, DAY_PERIOD) VALUES (10, 'B8');
INSERT INTO PERIODS (SECTION_ID, DAY_PERIOD) VALUES (11, 'D3');
INSERT INTO PERIODS (SECTION_ID, DAY_PERIOD) VALUES (11, 'D4');
INSERT INTO PERIODS (SECTION_ID, DAY_PERIOD) VALUES (12, 'D7');
INSERT INTO PERIODS (SECTION_ID, DAY_PERIOD) VALUES (12, 'D8');


INSERT INTO COURSE (id, name, credit) VALUES (5, '자기설계세미나', 1);
INSERT INTO SECTION (id, course_id) VALUES (13, 5);
INSERT INTO SECTION (id, course_id) VALUES (14, 5);
INSERT INTO SECTION (id, course_id) VALUES (15, 5);
INSERT INTO PERIODS (SECTION_ID, DAY_PERIOD) VALUES (13, 'A5');
INSERT INTO PERIODS (SECTION_ID, DAY_PERIOD) VALUES (13, 'A6');
INSERT INTO PERIODS (SECTION_ID, DAY_PERIOD) VALUES (14, 'B3');
INSERT INTO PERIODS (SECTION_ID, DAY_PERIOD) VALUES (14, 'B4');
INSERT INTO PERIODS (SECTION_ID, DAY_PERIOD) VALUES (15, 'E7');
INSERT INTO PERIODS (SECTION_ID, DAY_PERIOD) VALUES (15, 'E8');


INSERT INTO COURSE (id, name, credit) VALUES (6, '웹프로그래밍', 3);
INSERT INTO SECTION (id, course_id) VALUES (16, 6);
INSERT INTO SECTION (id, course_id) VALUES (17, 6);
INSERT INTO SECTION (id, course_id) VALUES (18, 6);
INSERT INTO PERIODS (SECTION_ID, DAY_PERIOD) VALUES (16, 'B4');
INSERT INTO PERIODS (SECTION_ID, DAY_PERIOD) VALUES (16, 'B5');
INSERT INTO PERIODS (SECTION_ID, DAY_PERIOD) VALUES (16, 'E2');
INSERT INTO PERIODS (SECTION_ID, DAY_PERIOD) VALUES (16, 'E3');
INSERT INTO PERIODS (SECTION_ID, DAY_PERIOD) VALUES (17, 'C3');
INSERT INTO PERIODS (SECTION_ID, DAY_PERIOD) VALUES (17, 'C4');
INSERT INTO PERIODS (SECTION_ID, DAY_PERIOD) VALUES (17, 'E6');
INSERT INTO PERIODS (SECTION_ID, DAY_PERIOD) VALUES (17, 'E7');
INSERT INTO PERIODS (SECTION_ID, DAY_PERIOD) VALUES (18, 'A4');
INSERT INTO PERIODS (SECTION_ID, DAY_PERIOD) VALUES (18, 'A5');
INSERT INTO PERIODS (SECTION_ID, DAY_PERIOD) VALUES (18, 'C1');
INSERT INTO PERIODS (SECTION_ID, DAY_PERIOD) VALUES (18, 'C2');


INSERT INTO COURSE (id, name, credit) VALUES (7, '자료구조', 3);
INSERT INTO SECTION (id, course_id) VALUES (19, 7);
INSERT INTO SECTION (id, course_id) VALUES (20, 7);
INSERT INTO SECTION (id, course_id) VALUES (21, 7);
INSERT INTO PERIODS (SECTION_ID, DAY_PERIOD) VALUES (19, 'C1');
INSERT INTO PERIODS (SECTION_ID, DAY_PERIOD) VALUES (19, 'C2');
INSERT INTO PERIODS (SECTION_ID, DAY_PERIOD) VALUES (19, 'D5');
INSERT INTO PERIODS (SECTION_ID, DAY_PERIOD) VALUES (19, 'D6');
INSERT INTO PERIODS (SECTION_ID, DAY_PERIOD) VALUES (20, 'A2');
INSERT INTO PERIODS (SECTION_ID, DAY_PERIOD) VALUES (20, 'A3');
INSERT INTO PERIODS (SECTION_ID, DAY_PERIOD) VALUES (20, 'D1');
INSERT INTO PERIODS (SECTION_ID, DAY_PERIOD) VALUES (20, 'D2');
INSERT INTO PERIODS (SECTION_ID, DAY_PERIOD) VALUES (21, 'B7');
INSERT INTO PERIODS (SECTION_ID, DAY_PERIOD) VALUES (21, 'B8');
INSERT INTO PERIODS (SECTION_ID, DAY_PERIOD) VALUES (21, 'E2');
INSERT INTO PERIODS (SECTION_ID, DAY_PERIOD) VALUES (21, 'E3');


INSERT INTO COURSE (id, name, credit) VALUES (8, '데이터베이스', 3);
INSERT INTO SECTION (id, course_id) VALUES (22, 8);
INSERT INTO SECTION (id, course_id) VALUES (23, 8);
INSERT INTO SECTION (id, course_id) VALUES (24, 8);
INSERT INTO PERIODS (SECTION_ID, DAY_PERIOD) VALUES (22, 'B5');
INSERT INTO PERIODS (SECTION_ID, DAY_PERIOD) VALUES (22, 'B6');
INSERT INTO PERIODS (SECTION_ID, DAY_PERIOD) VALUES (22, 'E3');
INSERT INTO PERIODS (SECTION_ID, DAY_PERIOD) VALUES (22, 'E4');
INSERT INTO PERIODS (SECTION_ID, DAY_PERIOD) VALUES (23, 'C7');
INSERT INTO PERIODS (SECTION_ID, DAY_PERIOD) VALUES (23, 'C8');
INSERT INTO PERIODS (SECTION_ID, DAY_PERIOD) VALUES (23, 'E1');
INSERT INTO PERIODS (SECTION_ID, DAY_PERIOD) VALUES (23, 'E2');
INSERT INTO PERIODS (SECTION_ID, DAY_PERIOD) VALUES (24, 'A7');
INSERT INTO PERIODS (SECTION_ID, DAY_PERIOD) VALUES (24, 'A8');
INSERT INTO PERIODS (SECTION_ID, DAY_PERIOD) VALUES (24, 'B3');
INSERT INTO PERIODS (SECTION_ID, DAY_PERIOD) VALUES (24, 'B4');


# COURSE: 과목
# SECTION: 한 COURSE에 대한 여러 클래스(수업시간)
# PERIODS: 한 SECTION을 구성하는 수업시간. 알파벳은 요일, 숫자는 교시 (ex. 'A1'은 월요일 1교시, 'E7'은 금요일 7교시)